category_code,URL,category_id,subcategory_id
TPW1073767,https://www.trade-point.co.uk/departments/building-supplies/roofing-supplies/roofing-felt-adhesive/TPW1073767.cat,15,66
TPW638609,https://www.trade-point.co.uk/departments/tools-equipment/power-tools/routers/TPW638609.cat,15,67
TPW768185,https://www.trade-point.co.uk/departments/home-furniture-storage/home-furnishings/home-accessories/clocks/TPW768185.cat,17,77
TPW822398,https://www.trade-point.co.uk/departments/bathroom/bathroom-accessories/toilet-brushes/TPW822398.cat,5,24
TPW623226,https://www.trade-point.co.uk/departments/tools-equipment/hand-tools/measures-levels/TPW623226.cat,15,67
TPW579463,https://www.trade-point.co.uk/departments/lighting/indoor-lights/wall-lights/TPW579463.cat,2,10
TPW780365,https://www.trade-point.co.uk/departments/outdoor-garden/plants-seeds-bulbs/TPW780365.cat,13,52
TPW1726732,https://www.trade-point.co.uk/departments/home-furniture-storage/home-furnishings/home-accessories/TPW1726732.cat,17,77
TPW1625677,https://www.trade-point.co.uk/departments/painting-decorating/decorating-tools-supplies/tapes/TPW1625677.cat,13,56
TPW638616,https://www.trade-point.co.uk/departments/tools-equipment/power-tools/screwdrivers/TPW638616.cat,17,77
TPW579501,https://www.trade-point.co.uk/departments/lighting/outdoor-lights/wall-lights/TPW579501.cat,2,10
TPW581240,https://www.trade-point.co.uk/departments/outdoor-garden/greenhouses-growhouses/TPW581240.cat,9,39
TPW570202,https://www.trade-point.co.uk/departments/building-supplies/roofing-supplies/roofing-sheets/TPW570202.cat,15,66
TPW570170,https://www.trade-point.co.uk/departments/building-supplies/plastering-supplies/ceiling-roses/TPW570170.cat,15,68
TPW1233724,https://www.trade-point.co.uk/departments/flooring-tiling/flooring-underlay/carpet/TPW1233724.cat,14,4
TPW1374375,https://www.trade-point.co.uk/departments/bathroom/bathroom-taps/bath-taps/bath-shower-mixer-taps/TPW1374375.cat,25,5
TPW1726700,https://www.trade-point.co.uk/departments/home-furniture-storage/home-furnishings/cushions/TPW1726700.cat,76,17
TPW1652289,https://www.trade-point.co.uk/departments/heating-plumbing-cooling/air-treatment/TPW1652289.cat,6,1
TPW579496,https://www.trade-point.co.uk/departments/lighting/outdoor-lights/security-lighting/TPW579496.cat,2,10
TPW570114,https://www.trade-point.co.uk/departments/building-supplies/bricks-blocks/TPW570114.cat,15,78
TPW580651,https://www.trade-point.co.uk/departments/hardware/nails/TPW580651.cat,15,62
TPW1726712,https://www.trade-point.co.uk/departments/home-furniture-storage/home-furnishings/wall-art/TPW1726712.cat,17,76
TPW1586248,https://www.trade-point.co.uk/departments/outdoor-garden/fencing/garden-trellis-screening/TPW1586248.cat,9,46
TPW637279,https://www.trade-point.co.uk/departments/tools-equipment/power-tools/drills/TPW637279.cat,17,77
TPW580653,https://www.trade-point.co.uk/departments/hardware/fixings-plugs/TPW580653.cat,15,62
TPW580871,https://www.trade-point.co.uk/departments/home-furniture-storage/home-furnishings/mirrors/TPW580871.cat,76,17
TPW822176,https://www.trade-point.co.uk/departments/bathroom/bathroom-taps/TPW822176.cat,5,25
TPW763205,https://www.trade-point.co.uk/departments/building-supplies/roofing-supplies/TPW763205.cat,15,65
TPW1066875,https://www.trade-point.co.uk/departments/tools-equipment/site-equipment/cement-mixers-accessories/cement-mixers/TPW1066875.cat,16,67
TPW638904,https://www.trade-point.co.uk/departments/tools-equipment/safety-workwear/workwear/work-trousers/TPW638904.cat,16,74
TPW1374376,https://www.trade-point.co.uk/departments/bathroom/bathroom-taps/bath-taps/hot-cold-bath-pillar-taps/TPW1374376.cat,5,25
TPW780138,https://www.trade-point.co.uk/departments/lighting/light-bulbs/TPW780138.cat,2,10
TPW822120,https://www.trade-point.co.uk/departments/bathroom/showers/mixer-showers/TPW822120.cat,5,25
TPW638613,https://www.trade-point.co.uk/departments/tools-equipment/power-tools/saws/TPW638613.cat,16,67
TPW765472,https://www.trade-point.co.uk/departments/flooring-tiling/flooring-supplies/TPW765472.cat,4,14
TPW580650,https://www.trade-point.co.uk/departments/hardware/locks-padlocks/TPW580650.cat,10,50
TPW765575,https://www.trade-point.co.uk/departments/flooring-tiling/tiling-grouts-sealers-adhesives/grout/TPW765575.cat,4,17
TPW1255308,https://www.trade-point.co.uk/departments/home-furniture-storage/storage-shelving/storage-cabinets/TPW1255308.cat,17,76
TPW570176,https://www.trade-point.co.uk/departments/building-supplies/plastering-supplies/plasterboard/TPW570176.cat,15,79
TPW581016,https://www.trade-point.co.uk/departments/home-furniture-storage/home-furnishings/throws-blankets/TPW581016.cat,76,17
TPW580647,https://www.trade-point.co.uk/departments/hardware/brackets/TPW580647.cat,17,76
TPW1281869,https://www.trade-point.co.uk/departments/bathroom/showers/digital-showers/TPW1281869.cat,5,20
TPW589044,https://www.trade-point.co.uk/departments/tools-equipment/power-tool-accessories/sanding/TPW589044.cat,13,56
TPW638850,https://www.trade-point.co.uk/departments/tools-equipment/tarpaulins-sheets-sacks/TPW638850.cat,16,67
TPW585828,https://www.trade-point.co.uk/departments/outdoor-garden/garden-buildings/log-cabins/TPW585828.cat,9,39
TPW1249339,https://www.trade-point.co.uk/departments/building-supplies/roofing-supplies/roof-tiles/TPW1249339.cat,15,66
TPW824275,https://www.trade-point.co.uk/departments/kitchen/kitchen-worktops/edging-strips/TPW824275.cat,6,29
TPW822487,https://www.trade-point.co.uk/departments/home-furniture-storage/home-furnishings/bedding/TPW822487.cat,17,76
TPW637982,https://www.trade-point.co.uk/departments/tools-equipment/power-tools/breakers-demolition/TPW637982.cat,16,67
TPW580679,https://www.trade-point.co.uk/departments/home-furniture-storage/storage-shelving/clothes-storage-shoe-racks/TPW580679.cat,17,76
TPW580691,https://www.trade-point.co.uk/departments/hardware/locks-padlocks/door-locks-latches/TPW580691.cat,10,47
TPW780402,https://www.trade-point.co.uk/departments/outdoor-garden/garden-power-tools/lawnmowers/TPW780402.cat,16,61
TPW579318,https://www.trade-point.co.uk/departments/electrical-security/telephones-accessories/TPW579318.cat,2,8
TPW638641,https://www.trade-point.co.uk/departments/tools-equipment/site-equipment/trolleys-carts/TPW638641.cat,16,67
TPW566469,https://www.trade-point.co.uk/departments/flooring-tiling/flooring-supplies/scotias-floor-trims/TPW566469.cat,4,15
TPW1652448,https://www.trade-point.co.uk/departments/heating-plumbing-cooling/central-heating/underfloor-heating/TPW1652448.cat,4,18
TPW1255303,https://www.trade-point.co.uk/departments/home-furniture-storage/storage-shelving/storage-drawers/TPW1255303.cat,17,76
TPW822369,https://www.trade-point.co.uk/departments/heating-plumbing-cooling/air-treatment/extractor-fans/TPW822369.cat,1,6
TPW581249,https://www.trade-point.co.uk/departments/outdoor-garden/fencing/garden-railings/TPW581249.cat,39,9
TPW580699,https://www.trade-point.co.uk/departments/hardware/locks-padlocks/padlocks/TPW580699.cat,10,47
TPW585873,https://www.trade-point.co.uk/departments/outdoor-garden/garden-buildings/shed-bases/TPW585873.cat,9,39
TPW566454,https://www.trade-point.co.uk/departments/flooring-tiling/flooring-underlay/flooring-samples/TPW566454.cat,4,15
TPW822109,https://www.trade-point.co.uk/departments/bathroom/showers/electric-showers/TPW822109.cat,5,20
TPW1652457,https://www.trade-point.co.uk/departments/heating-plumbing-cooling/central-heating/water-heaters/TPW1652457.cat,1,2
TPW822122,https://www.trade-point.co.uk/departments/bathroom/showers/riser-rails-head-holders/TPW822122.cat,5,25
TPW594239,https://www.trade-point.co.uk/departments/outdoor-garden/arches-arbours-pergolas/gazebos/TPW594239.cat,9,39
TPW822123,https://www.trade-point.co.uk/departments/bathroom/showers/shower-heads/TPW822123.cat,5.20
TPW822362,https://www.trade-point.co.uk/departments/bathroom/bathroom-worktops/TPW822362.cat,5,21
TPW638900,https://www.trade-point.co.uk/departments/tools-equipment/safety-workwear/workwear/work-jackets/TPW638900.cat,16,74
TPW824274,https://www.trade-point.co.uk/departments/kitchen/kitchen-worktops/worktop-installation/TPW824274.cat,6,31
TPW570201,https://www.trade-point.co.uk/departments/building-supplies/roofing-supplies/roofing-felt/TPW570201.cat,15,66
TPW566441,https://www.trade-point.co.uk/departments/flooring-tiling/flooring-underlay/vinyl-flooring/self-adhesive-vinyl-tiles/TPW566441.cat,4,14
TPW765574,https://www.trade-point.co.uk/departments/flooring-tiling/tiling-grouts-sealers-adhesives/tiling-adhesives/TPW765574.cat,4,17
TPW581014,https://www.trade-point.co.uk/departments/home-furniture-storage/home-furnishings/rugs-mats/rugs/TPW581014.cat,17,76
TPW780421,https://www.trade-point.co.uk/departments/outdoor-garden/garden-power-tools/pressure-washers/TPW780421.cat,16,61
TPW1727931,https://www.trade-point.co.uk/departments/home-furniture-storage/storage-shelving/storage-trunks/TPW1727931.cat,17,76
TPW585890,https://www.trade-point.co.uk/departments/outdoor-garden/fencing/fence-panels/TPW585890.cat,9,44
TPW589037,https://www.trade-point.co.uk/departments/tools-equipment/power-tool-accessories/routing/TPW589037.cat,16,67
TPW566438,https://www.trade-point.co.uk/departments/flooring-tiling/flooring-underlay/vinyl-flooring/TPW566438.cat,4,15
TPW637455,https://www.trade-point.co.uk/departments/tools-equipment/power-tools/multi-tools-hobby-tools/TPW637455.cat,16,67
TPW780439,https://www.trade-point.co.uk/departments/outdoor-garden/garden-hand-tools-equipment/cutting-pruning/TPW780439.cat,16,67
TPW1255297,https://www.trade-point.co.uk/departments/home-furniture-storage/storage-shelving/storage-boxes/TPW1255297.cat,17,76
TPW1374370,https://www.trade-point.co.uk/departments/bathroom/bathroom-taps/bath-taps/bath-mixer-taps/TPW1374370.cat,5,25
TPW566442,https://www.trade-point.co.uk/departments/flooring-tiling/flooring-underlay/underlay-floor-preparation/TPW566442.cat,4,15
TPW822108,https://www.trade-point.co.uk/departments/bathroom/showers/TPW822108.cat,5,20
TPW638585,https://www.trade-point.co.uk/departments/tools-equipment/power-tools/planers/TPW638585.cat,16,67
TPW763134,https://www.trade-point.co.uk/departments/building-supplies/plastering-supplies/TPW763134.cat,15,68
TPW824276,https://www.trade-point.co.uk/departments/kitchen/kitchen-worktops/end-caps-joints/TPW824276.cat,6,29
TPW566440,https://www.trade-point.co.uk/departments/flooring-tiling/flooring-underlay/vinyl-flooring/self-adhesive-vinyl-planks/TPW566440.cat,4,14
TPW585826,https://www.trade-point.co.uk/departments/outdoor-garden/arches-arbours-pergolas/pergolas/TPW585826.cat,9,39
TPW822177,https://www.trade-point.co.uk/departments/bathroom/bathroom-taps/basin-taps/TPW822177.cat,5,25
TPW638751,https://www.trade-point.co.uk/departments/tools-equipment/tool-storage/TPW638751.cat,16,67
TPW580660,https://www.trade-point.co.uk/departments/hardware/hinges/TPW580660.cat,10,47
TPW1652461,https://www.trade-point.co.uk/departments/heating-plumbing-cooling/fires-stoves-electric-heating/stoves/TPW1652461.cat,1,5
TPW1326521,https://www.trade-point.co.uk/departments/home-furniture-storage/home-furnishings/curtains-blinds-shutters/blinds/TPW1326521.cat,15,65
TPW1652460,https://www.trade-point.co.uk/departments/heating-plumbing-cooling/fires-stoves-electric-heating/fires/TPW1652460.cat,1,5
TPW824243,https://www.trade-point.co.uk/departments/kitchen/kitchen-appliances/microwaves/TPW824243.cat,6,32
TPW765576,https://www.trade-point.co.uk/departments/flooring-tiling/tiling-grouts-sealers-adhesives/tile-sealants/TPW765576.cat,4,17
TPW566439,https://www.trade-point.co.uk/departments/flooring-tiling/flooring-underlay/vinyl-flooring/sheet-vinyl/TPW566439.cat,4,15
TPW570175,https://www.trade-point.co.uk/departments/building-supplies/plastering-supplies/plaster/TPW570175.cat,15,68
TPW585829,https://www.trade-point.co.uk/departments/outdoor-garden/garden-buildings/summerhouses/TPW585829.cat,9,39
TPW592697,https://www.trade-point.co.uk/departments/building-supplies/roofing-supplies/roof-sealants/TPW592697.cat,15,66
TPW581229,https://www.trade-point.co.uk/departments/outdoor-garden/decking/TPW581229.cat,9,44
TPW1652323,https://www.trade-point.co.uk/departments/heating-plumbing-cooling/air-treatment/air-conditioners/TPW1652323.cat,1,6
TPW581246,https://www.trade-point.co.uk/departments/outdoor-garden/fencing/garden-gates/TPW581246.cat,9,44
TPW580648,https://www.trade-point.co.uk/departments/hardware/furniture-hardware/TPW580648.cat,17,77
TPW580659,https://www.trade-point.co.uk/departments/hardware/handles-knobs/TPW580659.cat,17,77
TPW581012,https://www.trade-point.co.uk/departments/home-furniture-storage/home-furnishings/rugs-mats/door-mats/TPW581012.cat,17,77
TPW1652541,https://www.trade-point.co.uk/departments/heating-plumbing-cooling/fires-stoves-electric-heating/fireplace-suites/TPW1652541.cat,1,5
TPW580715,https://www.trade-point.co.uk/departments/hardware/pins-rivets-staples/TPW580715.cat,15,62
TPW1625690,https://www.trade-point.co.uk/departments/painting-decorating/decorating-tools-supplies/glues-adhesives/TPW1625690.cat,15,60
TPW1022893,https://www.trade-point.co.uk/departments/tools-equipment/power-tools/kits-twinpacks/TPW1022893.cat,16,67
TPW592560,https://www.trade-point.co.uk/departments/outdoor-garden/paving-walling/sleepers/TPW592560.cat,9,46
TPW1374382,https://www.trade-point.co.uk/departments/bathroom/bathroom-taps/basin-taps/basin-mixer-taps/TPW1374382.cat,5,25
TPW824281,https://www.trade-point.co.uk/departments/kitchen/kitchen-cabinets/cabinet-drawer-boxes/TPW824281.cat,6,29
TPW1419560,https://www.trade-point.co.uk/departments/tools-equipment/power-tools/batteries-chargers/TPW1419560.cat,16,67
TPW1326509,https://www.trade-point.co.uk/departments/home-furniture-storage/home-furnishings/curtains-blinds-shutters/curtains/TPW1326509.cat,15,65
TPW822121,https://www.trade-point.co.uk/departments/bathroom/showers/power-showers/TPW822121.cat,5,20
TPW580655,https://www.trade-point.co.uk/departments/hardware/screws/TPW580655.cat,15,62
TPW585087,https://www.trade-point.co.uk/departments/outdoor-garden/decking/decking-boards/TPW585087.cat,15,70
TPW623156,https://www.trade-point.co.uk/departments/tools-equipment/hand-tools/tool-kits/TPW623156.cat,16,67
TPW585875,https://www.trade-point.co.uk/departments/outdoor-garden/garden-storage/TPW585875.cat,9,39
TPW822124,https://www.trade-point.co.uk/departments/bathroom/showers/shower-hoses/TPW822124.cat,5,26
TPW765615,https://www.trade-point.co.uk/departments/hardware/builder-s-metalwork/TPW765615.cat,15,78
TPW589067,https://www.trade-point.co.uk/departments/tools-equipment/power-tool-accessories/sawing-blades/TPW589067.cat,16,67
TPW1652542,https://www.trade-point.co.uk/departments/heating-plumbing-cooling/fires-stoves-electric-heating/fire-surrounds/TPW1652542.cat,1,5
TPW581242,https://www.trade-point.co.uk/departments/outdoor-garden/garden-buildings/sheds/TPW581242.cat,9,39
TPW637450,https://www.trade-point.co.uk/departments/tools-equipment/power-tools/angle-grinders/TPW637450.cat,16,67
TPW822125,https://www.trade-point.co.uk/departments/bathroom/showers/shower-head-kits/TPW822125.cat,5,20
TPW585796,https://www.trade-point.co.uk/departments/outdoor-garden/arches-arbours-pergolas/garden-arbours/TPW585796.cat,9,39
TPW570178,https://www.trade-point.co.uk/departments/building-supplies/plastering-supplies/plaster-repair/TPW570178.cat,15,65
TPW566471,https://www.trade-point.co.uk/departments/flooring-tiling/flooring-supplies/thresholds-t-bars-reducers/TPW566471.cat,4,15
TPW585797,https://www.trade-point.co.uk/departments/outdoor-garden/arches-arbours-pergolas/garden-arches/TPW585797.cat,9,39
TPW1652469,https://www.trade-point.co.uk/departments/heating-plumbing-cooling/plumbing/pipe-fittings/TPW1652469.cat,1,3
TPW1374385,https://www.trade-point.co.uk/departments/bathroom/bathroom-taps/basin-taps/hot-cold-basin-pillar-taps/TPW1374385.cat,5,25
TPW780457,https://www.trade-point.co.uk/departments/outdoor-garden/garden-hand-tools-equipment/digging-planting-soil-care/shovels/TPW780457.cat,16,61
TPW1652471,https://www.trade-point.co.uk/departments/heating-plumbing-cooling/plumbing/pipes/TPW1652471.cat,1,3
TPW951529,https://www.trade-point.co.uk/departments/flooring-tiling/flooring-underlay/luxury-vinyl-click-flooring/TPW951529.cat,4,14
TPW566433,https://www.trade-point.co.uk/departments/flooring-tiling/flooring-underlay/laminate-flooring/TPW566433.cat,4,15
TPW566476,https://www.trade-point.co.uk/departments/flooring-tiling/tile-trims/TPW566476.cat,4,17
TPW580883,https://www.trade-point.co.uk/departments/home-furniture-storage/home-furnishings/picture-frames/TPW580883.cat,17,77
TPW780377,https://www.trade-point.co.uk/departments/outdoor-garden/garden-power-tools/TPW780377.cat,16,61
TPW1739948,https://www.trade-point.co.uk/departments/tools-equipment/power-tools/impact-drivers-wrenches/TPW1739948.cat,16,67
TPW566453,https://www.trade-point.co.uk/departments/flooring-tiling/flooring-underlay/solid-wood-flooring/TPW566453.cat,4,14
TPW579431,https://www.trade-point.co.uk/departments/lighting/light-fixtures-fittings/TPW579431.cat,2,10
TPW579439,https://www.trade-point.co.uk/departments/lighting/indoor-lights/ceiling-lights/TPW579439.cat,2,10
TPW1652327,https://www.trade-point.co.uk/departments/heating-plumbing-cooling/air-treatment/dehumidifiers/TPW1652327.cat,1,6
TPW638887,https://www.trade-point.co.uk/departments/tools-equipment/safety-workwear/workwear/TPW638887.cat,16,74
TPW638761,https://www.trade-point.co.uk/departments/lighting/torches-worklights/TPW638761.cat,16,67
TPW636168,https://www.trade-point.co.uk/departments/tools-equipment/hand-tools/screwdrivers-keys/TPW636168.cat,16,67
TPW765616,https://www.trade-point.co.uk/departments/hardware/builder-s-metalwork/connector-plates/TPW765616.cat,15,78
TPW1375926,https://www.trade-point.co.uk/departments/electrical-security/children-s-safety/TPW1375926.cat,2,9
TPW1655190,https://www.trade-point.co.uk/departments/heating-plumbing-cooling/plumbing/pipe-fittings/olives/TPW1655190.cat,1,3
TPW822179,https://www.trade-point.co.uk/departments/bathroom/bathroom-taps/bath-taps/TPW822179.cat,5,25
TPW589047,https://www.trade-point.co.uk/departments/tools-equipment/power-tool-accessories/sanding/sanding-belts/TPW589047.cat,16,67
TPW822400,https://www.trade-point.co.uk/departments/bathroom/bathroom-accessories/grab-rails/TPW822400.cat,5,26
TPW592566,https://www.trade-point.co.uk/departments/outdoor-garden/paving-walling/walling-coping/TPW592566.cat,9,46
TPW637211,https://www.trade-point.co.uk/departments/tools-equipment/ladders-steps/work-platforms/TPW637211.cat,16,75
TPW637131,https://www.trade-point.co.uk/departments/tools-equipment/ladders-steps/combination-ladders/TPW637131.cat,16,75
TPW580736,https://www.trade-point.co.uk/departments/hardware/fixings-plugs/cavity-insulation-fittings/TPW580736.cat,15,62
TPW830177,https://www.trade-point.co.uk/departments/tools-equipment/power-tools/saws/tile-saws/TPW830177.cat,16,67
TPW1655197,https://www.trade-point.co.uk/departments/heating-plumbing-cooling/plumbing/pipe-fittings/tees/TPW1655197.cat,1,3
TPW580719,https://www.trade-point.co.uk/departments/hardware/pins-rivets-staples/rivets/TPW580719.cat,16,62
TPW780463,https://www.trade-point.co.uk/departments/outdoor-garden/garden-hand-tools-equipment/rakes-weeding-clearing/rakes/TPW780463.cat,16,61
TPW585084,https://www.trade-point.co.uk/departments/outdoor-garden/decking/decking-kits/TPW585084.cat,9,44
TPW623193,https://www.trade-point.co.uk/departments/tools-equipment/hand-tools/cable-strippers-crimpers/cable-strippers/TPW623193.cat,16,67
TPW637294,https://www.trade-point.co.uk/departments/tools-equipment/power-tools/drills/hammer-drills/TPW637294.cat,16,67
TPW822390,https://www.trade-point.co.uk/departments/bathroom/bathroom-accessories/bathroom-scales/TPW822390.cat,5,26
TPW824249,https://www.trade-point.co.uk/departments/kitchen/kitchen-appliances/waste-disposal-units/TPW824249.cat,6,29
TPW589069,https://www.trade-point.co.uk/departments/tools-equipment/power-tool-accessories/sawing-blades/jigsaw-blades/TPW589069.cat,16,67
TPW780456,https://www.trade-point.co.uk/departments/outdoor-garden/garden-hand-tools-equipment/digging-planting-soil-care/spades/TPW780456.cat,16,61
TPW824272,https://www.trade-point.co.uk/departments/kitchen/kitchen-worktops/worktops/TPW824272.cat,6,31
TPW637210,https://www.trade-point.co.uk/departments/tools-equipment/ladders-steps/step-stools/TPW637210.cat,16,75
TPW623238,https://www.trade-point.co.uk/departments/tools-equipment/hand-tools/measures-levels/squares/TPW623238.cat,16,67
TPW984927,https://www.trade-point.co.uk/departments/tools-equipment/power-tool-accessories/sanding/sanding-rolls/TPW984927.cat,16,67
TPW892536,https://www.trade-point.co.uk/departments/home-furniture-storage/home-furnishings/bedding/pillows/TPW892536.cat,17,77
TPW580675,https://www.trade-point.co.uk/departments/hardware/furniture-hardware/wardrobe-rails-fittings/TPW580675.cat,17,76
TPW638760,https://www.trade-point.co.uk/departments/tools-equipment/tool-storage/tool-boxes/TPW638760.cat,16,67
TPW822363,https://www.trade-point.co.uk/departments/bathroom/bathroom-worktops/worktops/TPW822363.cat,5,19
TPW768181,https://www.trade-point.co.uk/departments/home-furniture-storage/home-furnishings/home-accessories/bottles-vases-jars/TPW768181.cat,17,76
TPW831349,https://www.trade-point.co.uk/departments/hardware/locks-padlocks/door-locks-latches/multi-point-locks/TPW831349.cat,10,50
TPW585128,https://www.trade-point.co.uk/departments/outdoor-garden/decking/decking-steps/TPW585128.cat,9,44
TPW623228,https://www.trade-point.co.uk/departments/tools-equipment/hand-tools/measures-levels/cutting-guide/TPW623228.cat,16,67
TPW1022873,https://www.trade-point.co.uk/departments/tools-equipment/power-tools/saws/mitre-saws/TPW1022873.cat,16,67
TPW1739947,https://www.trade-point.co.uk/departments/tools-equipment/power-tools/drills/angle-drills/TPW1739947.cat,16,67
TPW768180,https://www.trade-point.co.uk/departments/home-furniture-storage/home-furnishings/home-accessories/ornaments/TPW768180.cat,17,76
TPW579450,https://www.trade-point.co.uk/departments/lighting/indoor-lights/counter-cabinet-lighting/TPW579450.cat,2,10
TPW1150016,https://www.trade-point.co.uk/departments/hardware/locks-padlocks/door-locks-latches/night-latches/TPW1150016.cat,10,50
TPW1066895,https://www.trade-point.co.uk/departments/tools-equipment/power-tools/saws/table-saws/TPW1066895.cat,16,67
TPW638754,https://www.trade-point.co.uk/departments/tools-equipment/tool-storage/tool-belts-and-holders/TPW638754.cat,16,67
TPW1484079,https://www.trade-point.co.uk/departments/home-furniture-storage/storage-shelving/clothes-storage-shoe-racks/vacuum-storage-bags/TPW1484079.cat,17,77
TPW636191,https://www.trade-point.co.uk/departments/tools-equipment/hand-tools/screwdrivers-keys/plumbing-keys/TPW636191.cat,16,67
TPW581230,https://www.trade-point.co.uk/departments/outdoor-garden/garden-hand-tools-equipment/bins-sacks/TPW581230.cat,16,61
TPW623234,https://www.trade-point.co.uk/departments/tools-equipment/hand-tools/measures-levels/rules/TPW623234.cat,16,67
TPW822130,https://www.trade-point.co.uk/departments/bathroom/wet-rooms/installation-kits-components/TPW822130.cat,5,20
TPW1739959,https://www.trade-point.co.uk/departments/tools-equipment/power-tools/batteries-chargers/batteries/TPW1739959.cat,16,67
TPW780428,https://www.trade-point.co.uk/departments/outdoor-garden/garden-power-tools/leaf-blowers-garden-vacs/TPW780428.cat,16,61
TPW623236,https://www.trade-point.co.uk/departments/tools-equipment/hand-tools/measures-levels/spirit-levels/TPW623236.cat,16,67
TPW589063,https://www.trade-point.co.uk/departments/tools-equipment/power-tool-accessories/sanding/sanding-pads/TPW589063.cat,16,67
TPW585085,https://www.trade-point.co.uk/departments/outdoor-garden/decking/decking-accessories/TPW585085.cat,9,44
TPW1727990,https://www.trade-point.co.uk/departments/home-furniture-storage/storage-shelving/clothes-storage-shoe-racks/clothes-wardrobe-organisers/TPW1727990.cat,17,77
TPW638759,https://www.trade-point.co.uk/departments/tools-equipment/tool-storage/tool-bags/TPW638759.cat,16,67
TPW580652,https://www.trade-point.co.uk/departments/hardware/bolts-nuts-washers/TPW580652.cat,15,62
TPW1655194,https://www.trade-point.co.uk/departments/heating-plumbing-cooling/plumbing/pipe-fittings/reducers/TPW1655194.cat,1,3
TPW566468,https://www.trade-point.co.uk/departments/flooring-tiling/flooring-supplies/gripper-rods/TPW566468.cat,4,15
TPW637134,https://www.trade-point.co.uk/departments/tools-equipment/ladders-steps/extension-ladders/TPW637134.cat,16,75
TPW579434,https://www.trade-point.co.uk/departments/lighting/light-fixtures-fittings/lampholders/TPW579434.cat,2,10
TPW822128,https://www.trade-point.co.uk/departments/bathroom/wet-rooms/wet-room-screens/TPW822128.cat,5,20
TPW822386,https://www.trade-point.co.uk/departments/bathroom/bathroom-accessories/towel-rails-rings/TPW822386.cat,5,26
TPW592546,https://www.trade-point.co.uk/departments/outdoor-garden/paving-walling/weed-control-fabric/TPW592546.cat,9,46
TPW822396,https://www.trade-point.co.uk/departments/bathroom/bathroom-accessories/shower-curtains/TPW822396.cat,5,26
TPW1022841,https://www.trade-point.co.uk/departments/tools-equipment/power-tools/saws/circular-saws/TPW1022841.cat,16,67
TPW581228,https://www.trade-point.co.uk/departments/outdoor-garden/plants-seeds-bulbs/bulbs/TPW581228.cat,9,43
TPW637148,https://www.trade-point.co.uk/departments/tools-equipment/ladders-steps/step-ladders/TPW637148.cat,16,75
TPW1074009,https://www.trade-point.co.uk/departments/outdoor-garden/paving-walling/walling-coping/walling/TPW1074009.cat,9,46
TPW780452,https://www.trade-point.co.uk/departments/outdoor-garden/garden-hand-tools-equipment/digging-planting-soil-care/cultivators/TPW780452.cat,16,61
TPW765622,https://www.trade-point.co.uk/departments/hardware/builder-s-metalwork/sheet-metal/TPW765622.cat,15,78
TPW780430,https://www.trade-point.co.uk/departments/outdoor-garden/garden-power-tools/garden-shredders/TPW780430.cat,16,61
TPW1739960,https://www.trade-point.co.uk/departments/tools-equipment/power-tools/batteries-chargers/chargers/TPW1739960.cat,16,67
TPW589038,https://www.trade-point.co.uk/departments/tools-equipment/power-tool-accessories/routing/router-bits/TPW589038.cat,16,67
TPW1496994,https://www.trade-point.co.uk/departments/hardware/furniture-hardware/drawer-runners/TPW1496994.cat,17,77
TPW638854,https://www.trade-point.co.uk/departments/tools-equipment/tarpaulins-sheets-sacks/tarpaulins/TPW638854.cat,16,67
TPW638622,https://www.trade-point.co.uk/departments/tools-equipment/site-equipment/TPW638622.cat,16,67
TPW780415,https://www.trade-point.co.uk/departments/outdoor-garden/garden-power-tools/garden-power-accessories/TPW780415.cat,16,61
TPW638852,https://www.trade-point.co.uk/departments/tools-equipment/tarpaulins-sheets-sacks/rubble-sacks/TPW638852.cat,16,67
TPW579430,https://www.trade-point.co.uk/departments/lighting/indoor-lights/light-shades/TPW579430.cat,2,10
TPW857674,https://www.trade-point.co.uk/departments/kitchen/kitchen-cabinets/wine-racks/TPW857674.cat,6,29
TPW824279,https://www.trade-point.co.uk/departments/kitchen/kitchen-cabinets/cabinet-units/TPW824279.cat,6,29
TPW580720,https://www.trade-point.co.uk/departments/hardware/pins-rivets-staples/staples/TPW580720.cat,16,67
TPW585834,https://www.trade-point.co.uk/departments/outdoor-garden/greenhouses-growhouses/greenhouses/TPW585834.cat,9,39
TPW635920,https://www.trade-point.co.uk/departments/tools-equipment/hand-tools/test-equipment-detectors/TPW635920.cat,16,67
TPW822391,https://www.trade-point.co.uk/departments/bathroom/bathroom-accessories/soap-dishes-dispensers/TPW822391.cat,5,26
TPW589073,https://www.trade-point.co.uk/departments/tools-equipment/power-tool-accessories/sawing-blades/reciprocating-saw-blades/TPW589073.cat,16,67
TPW623233,https://www.trade-point.co.uk/departments/tools-equipment/hand-tools/measures-levels/measure-sets/TPW623233.cat,16,67
TPW592561,https://www.trade-point.co.uk/departments/outdoor-garden/paving-walling/garden-stepping-stones/TPW592561.cat,9,46
TPW585835,https://www.trade-point.co.uk/departments/outdoor-garden/greenhouses-growhouses/growhouses-cold-frames/TPW585835.cat,9,46
TPW623229,https://www.trade-point.co.uk/departments/tools-equipment/hand-tools/measures-levels/chalk-plumb-lines/TPW623229.cat,16,67
TPW592557,https://www.trade-point.co.uk/departments/outdoor-garden/paving-walling/paving-packs/TPW592557.cat,9,46
TPW830173,https://www.trade-point.co.uk/departments/tools-equipment/power-tools/saws/jigsaws/TPW830173.cat,16,67
TPW638888,https://www.trade-point.co.uk/departments/tools-equipment/safety-workwear/workwear/body-warmers/TPW638888.cat,16,74
TPW581222,https://www.trade-point.co.uk/departments/outdoor-garden/plants-seeds-bulbs/houseplants/TPW581222.cat,9,43
TPW585184,https://www.trade-point.co.uk/departments/outdoor-garden/decking/decking-accessories/decking-spindles/TPW585184.cat,9,44
TPW585883,https://www.trade-point.co.uk/departments/outdoor-garden/fencing/fence-post-support/TPW585883.cat,9,44
TPW780441,https://www.trade-point.co.uk/departments/outdoor-garden/garden-hand-tools-equipment/cutting-pruning/garden-knives/TPW780441.cat,16,61
TPW831348,https://www.trade-point.co.uk/departments/hardware/locks-padlocks/door-locks-latches/combination-locks/TPW831348.cat,10,50
TPW1728055,https://www.trade-point.co.uk/departments/home-furniture-storage/home-furnishings/household-cleaning/air-fresheners/TPW1728055.cat,16,67
TPW780135,https://www.trade-point.co.uk/departments/lighting/outdoor-lights/lanterns/TPW780135.cat,2,10
TPW589048,https://www.trade-point.co.uk/departments/tools-equipment/power-tool-accessories/sanding/sanding-discs/TPW589048.cat,16,67
TPW592556,https://www.trade-point.co.uk/departments/outdoor-garden/paving-walling/paving-edging/TPW592556.cat,9,46
TPW637297,https://www.trade-point.co.uk/departments/tools-equipment/power-tools/drills/drill-drivers/TPW637297.cat,16,67
TPW1484078,https://www.trade-point.co.uk/departments/home-furniture-storage/storage-shelving/clothes-storage-shoe-racks/hangers/TPW1484078.cat,17,77
TPW589043,https://www.trade-point.co.uk/departments/tools-equipment/power-tool-accessories/routing/biscuit-jointing/TPW589043.cat,16,67
TPW822489,https://www.trade-point.co.uk/departments/home-furniture-storage/home-furnishings/bedding/pillow-cases/TPW822489.cat,17,77
TPW585889,https://www.trade-point.co.uk/departments/outdoor-garden/fencing/gravel-boards/TPW585889.cat,9,44
TPW1411676,https://www.trade-point.co.uk/departments/bathroom/wet-rooms/bathroom-wall-panels/TPW1411676.cat,5,20
TPW1136861,https://www.trade-point.co.uk/departments/tools-equipment/safety-workwear/workwear/work-shorts/TPW1136861.cat,16,74
TPW822116,https://www.trade-point.co.uk/departments/bathroom/shower-enclosures-doors-trays/shower-enclosures/TPW822116.cat,5,20
TPW1230331,https://www.trade-point.co.uk/departments/lighting/indoor-lights/spotlights-downlights/TPW1230331.cat,2,10
TPW780450,https://www.trade-point.co.uk/departments/outdoor-garden/garden-hand-tools-equipment/digging-planting-soil-care/TPW780450.cat,16,61
TPW1022905,https://www.trade-point.co.uk/departments/tools-equipment/power-tools/saws/saw-stands/TPW1022905.cat,16,67
TPW580656,https://www.trade-point.co.uk/departments/hardware/door-furniture/TPW580656.cat,15,64
TPW1728057,https://www.trade-point.co.uk/departments/home-furniture-storage/home-furnishings/household-cleaning/sponges-scourers/TPW1728057.cat,16,67
TPW780424,https://www.trade-point.co.uk/departments/outdoor-garden/garden-power-tools/scarifiers-tillers/TPW780424.cat,16,61
TPW2022912,https://www.trade-point.co.uk/departments/outdoor-garden/bbq-s-bbq-accessories/pizza-ovens/TPW2022912.cat,9,40
TPW1102708,https://www.trade-point.co.uk/departments/bathroom/wet-rooms/tile-backer-boards/TPW1102708.cat,5,20
TPW580738,https://www.trade-point.co.uk/departments/hardware/fixings-plugs/wall-plugs/TPW580738.cat,15,62
TPW579493,https://www.trade-point.co.uk/departments/lighting/outdoor-lights/ground-lights/TPW579493.cat,2,10
TPW822115,https://www.trade-point.co.uk/departments/bathroom/shower-enclosures-doors-trays/shower-doors/TPW822115.cat,5,20
TPW780443,https://www.trade-point.co.uk/departments/outdoor-garden/garden-hand-tools-equipment/cutting-pruning/loppers/TPW780443.cat,16,67
TPW1022896,https://www.trade-point.co.uk/departments/tools-equipment/power-tools/saws/reciprocating-saws/TPW1022896.cat,16,67
TPW1022906,https://www.trade-point.co.uk/departments/tools-equipment/power-tools/drills/sds-drills/TPW1022906.cat,16,67
TPW831350,https://www.trade-point.co.uk/departments/hardware/locks-padlocks/door-locks-latches/thumbturn-locks/TPW831350.cat,10,50
TPW579325,https://www.trade-point.co.uk/departments/electrical-security/telephones-accessories/telephone-extension-kits/TPW579325.cat,2,8
TPW579495,https://www.trade-point.co.uk/departments/lighting/outdoor-lights/post-lights/TPW579495.cat,2,10
TPW822490,https://www.trade-point.co.uk/departments/home-furniture-storage/home-furnishings/bedding/bed-sheets/TPW822490.cat,17,77
TPW780469,https://www.trade-point.co.uk/departments/outdoor-garden/garden-hand-tools-equipment/fencing-tools/TPW780469.cat,16,61
TPW635923,https://www.trade-point.co.uk/departments/tools-equipment/hand-tools/staplers-tackers-riveters/TPW635923.cat,16,67
TPW592559,https://www.trade-point.co.uk/departments/outdoor-garden/paving-walling/single-paving-slabs/TPW592559.cat,9,46
TPW1728036,https://www.trade-point.co.uk/departments/home-furniture-storage/home-furnishings/household-cleaning/cleaning-products/TPW1728036.cat,16,67
TPW822395,https://www.trade-point.co.uk/departments/bathroom/bathroom-accessories/shower-curtain-rails-rods/TPW822395.cat,5,20
TPW585183,https://www.trade-point.co.uk/departments/outdoor-garden/decking/decking-accessories/decking-post-caps/TPW585183.cat,9,44
TPW636256,https://www.trade-point.co.uk/departments/tools-equipment/hand-tools/vices-clamps/TPW636256.cat,16,67
TPW623239,https://www.trade-point.co.uk/departments/tools-equipment/hand-tools/measures-levels/tape-measures/TPW623239.cat,16,67
TPW579451,https://www.trade-point.co.uk/departments/lighting/indoor-lights/table-desk-lamps/TPW579451.cat,2,10
TPW585091,https://www.trade-point.co.uk/departments/outdoor-garden/decking/decking-tiles/TPW585091.cat,9,44
TPW780459,https://www.trade-point.co.uk/departments/outdoor-garden/garden-hand-tools-equipment/digging-planting-soil-care/forks/TPW780459.cat,16,62
TPW843065,https://www.trade-point.co.uk/departments/flooring-tiling/flooring-underlay/TPW843065.cat,4,15
TPW579453,https://www.trade-point.co.uk/departments/lighting/indoor-lights/floor-lamps/TPW579453.cat,2,10
TPW822127,https://www.trade-point.co.uk/departments/bathroom/wet-rooms/complete-wet-room-kits/TPW822127.cat,5,20
TPW1074018,https://www.trade-point.co.uk/departments/outdoor-garden/paving-walling/gabion-stone-cages/TPW1074018.cat,9,46
TPW585836,https://www.trade-point.co.uk/departments/outdoor-garden/greenhouses-growhouses/greenhouse-accessories/TPW585836.cat,9,39
TPW824248,https://www.trade-point.co.uk/departments/kitchen/kitchen-appliances/wine-coolers/TPW824248.cat,6,32
TPW637289,https://www.trade-point.co.uk/departments/tools-equipment/power-tools/drills/combi-drills/TPW637289.cat,16,67
TPW589068,https://www.trade-point.co.uk/departments/tools-equipment/power-tool-accessories/sawing-blades/circular-saw-blades/TPW589068.cat,16,67
TPW822393,https://www.trade-point.co.uk/departments/bathroom/bathroom-accessories/toilet-roll-holders/TPW822393.cat,5,26
TPW780467,https://www.trade-point.co.uk/departments/outdoor-garden/garden-hand-tools-equipment/rakes-weeding-clearing/hoes/TPW780467.cat,16,62
TPW585798,https://www.trade-point.co.uk/departments/outdoor-garden/arches-arbours-pergolas/canopies/TPW585798.cat,9,43
TPW1534147,https://www.trade-point.co.uk/departments/tools-equipment/power-tools/paddle-mixers/TPW1534147.cat,16,67
TPW580654,https://www.trade-point.co.uk/departments/hardware/ropes-bungees-straps-chains/TPW580654.cat,15,62
TPW822491,https://www.trade-point.co.uk/departments/home-furniture-storage/home-furnishings/bedding/duvets/TPW822491.cat,17,77
TPW637144,https://www.trade-point.co.uk/departments/tools-equipment/ladders-steps/loft-ladders/TPW637144.cat,16,75
TPW589071,https://www.trade-point.co.uk/departments/tools-equipment/power-tool-accessories/sawing-blades/diamond-blades/TPW589071.cat,16,67
TPW765624,https://www.trade-point.co.uk/departments/hardware/builder-s-metalwork/straps-ties/TPW765624.cat,15,78
TPW581227,https://www.trade-point.co.uk/departments/outdoor-garden/plants-seeds-bulbs/seeds/TPW581227.cat,9,43
TPW623124,https://www.trade-point.co.uk/departments/tools-equipment/hand-tools/planes-chisels-files/planes/TPW623124.cat,16,67
TPW822392,https://www.trade-point.co.uk/departments/bathroom/bathroom-accessories/toothbrush-holders-tumblers/TPW822392.cat,5,26
TPW1728060,https://www.trade-point.co.uk/departments/home-furniture-storage/home-furnishings/household-cleaning/toilet-rolls-kitchen-rolls-tissues/TPW1728060.cat,16,67
TPW580734,https://www.trade-point.co.uk/departments/hardware/fixings-plugs/frame-fixings/TPW580734.cat,15,62
TPW780445,https://www.trade-point.co.uk/departments/outdoor-garden/garden-hand-tools-equipment/cutting-pruning/secateurs/TPW780445.cat,16,61
TPW985748,https://www.trade-point.co.uk/departments/tools-equipment/hand-tools/measures-levels/laser-range-finders/TPW985748.cat,16,67
TPW780378,https://www.trade-point.co.uk/departments/outdoor-garden/garden-power-tools/chainsaws/TPW780378.cat,16,61
TPW581032,https://www.trade-point.co.uk/departments/outdoor-garden/bbq-s-bbq-accessories/bbq-s/TPW581032.cat,9,40
TPW623230,https://www.trade-point.co.uk/departments/tools-equipment/hand-tools/measures-levels/mitre-boxes/TPW623230.cat,16,67
TPW1655187,https://www.trade-point.co.uk/departments/heating-plumbing-cooling/plumbing/pipe-fittings/elbows/TPW1655187.cat,1,3
TPW1655189,https://www.trade-point.co.uk/departments/heating-plumbing-cooling/plumbing/pipe-fittings/inserts/TPW1655189.cat,1,3
TPW1655198,https://www.trade-point.co.uk/departments/heating-plumbing-cooling/plumbing/pipe-fittings/hose-clips/TPW1655198.cat,1,3
TPW623237,https://www.trade-point.co.uk/departments/tools-equipment/hand-tools/measures-levels/laser-levels/TPW623237.cat,16,67
TPW822381,https://www.trade-point.co.uk/departments/bathroom/bathroom-accessories/bathroom-accessory-sets/TPW822381.cat,5,26
TPW580693,https://www.trade-point.co.uk/departments/hardware/locks-padlocks/door-locks-latches/cylinder-locks/TPW580693.cat,10,50
TPW637269,https://www.trade-point.co.uk/departments/tools-equipment/site-equipment/cement-mixers-accessories/TPW637269.cat,16,67
TPW780368,https://www.trade-point.co.uk/departments/outdoor-garden/paving-walling/block-paving/TPW780368.cat,9,46
TPW830469,https://www.trade-point.co.uk/departments/lighting/light-fixtures-fittings/starter-switches/TPW830469.cat,2,10
TPW1022871,https://www.trade-point.co.uk/departments/tools-equipment/power-tools/glue-heat-guns/TPW1022871.cat,16,67
TPW822488,https://www.trade-point.co.uk/departments/home-furniture-storage/home-furnishings/bedding/bed-sets/TPW822488.cat,17,77
TPW1129236,https://www.trade-point.co.uk/departments/tools-equipment/power-tools/radios/TPW1129236.cat,16,67
TPW579435,https://www.trade-point.co.uk/departments/lighting/light-fixtures-fittings/light-pendants/TPW579435.cat,2,10
TPW822384,https://www.trade-point.co.uk/departments/bathroom/bathroom-accessories/shower-bath-seats/TPW822384.cat,5,26
TPW822389,https://www.trade-point.co.uk/departments/bathroom/bathroom-accessories/bath-shower-mats/TPW822389.cat,5,26
TPW1484083,https://www.trade-point.co.uk/departments/home-furniture-storage/storage-shelving/clothes-storage-shoe-racks/shoe-racks/TPW1484083.cat,17,77
TPW638753,https://www.trade-point.co.uk/departments/tools-equipment/tool-storage/organisers/TPW638753.cat,16,67
TPW1074013,https://www.trade-point.co.uk/departments/outdoor-garden/paving-walling/carpet-stones/TPW1074013.cat,9,46
TPW623159,https://www.trade-point.co.uk/departments/tools-equipment/hand-tools/cartridge-tape-guns/TPW623159.cat,16,67
TPW767417,https://www.trade-point.co.uk/departments/home-furniture-storage/storage-shelving/packaging/TPW767417.cat,17,77
TPW822397,https://www.trade-point.co.uk/departments/bathroom/bathroom-accessories/shower-caddies-organisers/TPW822397.cat,5,26
TPW1214108,https://www.trade-point.co.uk/departments/tools-equipment/hand-tools/tap-die-sets/TPW1214108.cat,16,67
TPW579491,https://www.trade-point.co.uk/departments/lighting/outdoor-lights/decking-lights/TPW579491.cat,2,10
TPW566475,https://www.trade-point.co.uk/departments/flooring-tiling/tiling-grouts-sealers-adhesives/TPW566475.cat,4,17
TPW768184,https://www.trade-point.co.uk/departments/home-furniture-storage/home-furnishings/home-accessories/lanterns/TPW768184.cat,17,77
TPW765473,https://www.trade-point.co.uk/departments/flooring-tiling/flooring-supplies/flooring-adhesives/TPW765473.cat,4,15
TPW1074015,https://www.trade-point.co.uk/departments/outdoor-garden/paving-walling/british-standard-paving/TPW1074015.cat,9,46
TPW824233,https://www.trade-point.co.uk/departments/kitchen/kitchen-appliances/dishwashers/TPW824233.cat,6,32
TPW623194,https://www.trade-point.co.uk/departments/tools-equipment/hand-tools/cable-strippers-crimpers/crimpers/TPW623194.cat,16,67
TPW765621,https://www.trade-point.co.uk/departments/hardware/builder-s-metalwork/profiles/TPW765621.cat,15,78
TPW1322124,https://www.trade-point.co.uk/departments/kitchen/kitchen-appliances/coffee-machines/TPW1322124.cat,6,32
TPW1739962,https://www.trade-point.co.uk/departments/tools-equipment/power-tools/workshop-machinery/TPW1739962.cat,16,67
TPW581009,https://www.trade-point.co.uk/departments/home-furniture-storage/home-furnishings/rugs-mats/TPW581009.cat,17,77
TPW589066,https://www.trade-point.co.uk/departments/tools-equipment/power-tool-accessories/sanding/sanding-sheets/TPW589066.cat,16,67
TPW780468,https://www.trade-point.co.uk/departments/outdoor-garden/garden-hand-tools-equipment/lawn-spreaders-rollers/TPW780468.cat,16,61
TPW585090,https://www.trade-point.co.uk/departments/outdoor-garden/decking/decking-joists/TPW585090.cat,9,44
TPW1255305,https://www.trade-point.co.uk/departments/home-furniture-storage/storage-shelving/storage-baskets/TPW1255305.cat,17,77
TPW1655188,https://www.trade-point.co.uk/departments/heating-plumbing-cooling/plumbing/pipe-fittings/end-caps-plugs-stop-ends/TPW1655188.cat,1,3
TPW580737,https://www.trade-point.co.uk/departments/hardware/fixings-plugs/plasterboard-fixings/TPW580737.cat,15,62
TPW780462,https://www.trade-point.co.uk/departments/outdoor-garden/garden-hand-tools-equipment/rakes-weeding-clearing/TPW780462.cat,16,61
TPW581237,https://www.trade-point.co.uk/departments/outdoor-garden/arches-arbours-pergolas/TPW581237.cat,9,39
TPW585862,https://www.trade-point.co.uk/departments/outdoor-garden/greenhouses-growhouses/greenhouse-accessories/greenhouse-heaters/TPW585862.cat,16,61
TPW635930,https://www.trade-point.co.uk/departments/tools-equipment/hand-tools/staplers-tackers-riveters/manual-staplers/TPW635930.cat,16,67
TPW1066873,https://www.trade-point.co.uk/departments/tools-equipment/site-equipment/cement-mixers-accessories/cement-mixer-drums/TPW1066873.cat,16,67
TPW581015,https://www.trade-point.co.uk/departments/home-furniture-storage/home-furnishings/rugs-mats/runners/TPW581015.cat,17,77
TPW585827,https://www.trade-point.co.uk/departments/outdoor-garden/arches-arbours-pergolas/garden-pagodas/TPW585827.cat,9,39
TPW765618,https://www.trade-point.co.uk/departments/hardware/builder-s-metalwork/straps-ties/wall-ties/TPW765618.cat,15,78
TPW580727,https://www.trade-point.co.uk/departments/hardware/bolts-nuts-washers/nuts/TPW580727.cat,15,62
TPW580758,https://www.trade-point.co.uk/departments/hardware/door-furniture/door-stops/TPW580758.cat,15,64
TPW780454,https://www.trade-point.co.uk/departments/outdoor-garden/garden-hand-tools-equipment/digging-planting-soil-care/scoops/TPW780454.cat,16,61
TPW780453,https://www.trade-point.co.uk/departments/outdoor-garden/garden-hand-tools-equipment/digging-planting-soil-care/edgers/TPW780453.cat,16,61
TPW1066891,https://www.trade-point.co.uk/departments/tools-equipment/power-tools/workshop-machinery/bench-grinders/TPW1066891.cat,16,67
TPW580757,https://www.trade-point.co.uk/departments/hardware/door-furniture/finger-kick-plates/TPW580757.cat,16,67
TPW580756,https://www.trade-point.co.uk/departments/hardware/door-furniture/letter-boxes/TPW580756.cat,15,64
TPW822135,https://www.trade-point.co.uk/departments/bathroom/wet-rooms/installation-kits-components/waterproof-matting/TPW822135.cat,5,20
TPW585182,https://www.trade-point.co.uk/departments/outdoor-garden/decking/decking-accessories/decking-posts/TPW585182.cat,9,44
TPW585187,https://www.trade-point.co.uk/departments/outdoor-garden/garden-hand-tools-equipment/bins-sacks/tubs/TPW585187.cat,16,67
TPW585837,https://www.trade-point.co.uk/departments/outdoor-garden/greenhouses-growhouses/greenhouse-accessories/ventilation/TPW585837.cat,9,39
TPW635931,https://www.trade-point.co.uk/departments/tools-equipment/hand-tools/staplers-tackers-riveters/riveters/TPW635931.cat,16,67
TPW580730,https://www.trade-point.co.uk/departments/hardware/bolts-nuts-washers/washers/TPW580730.cat,15,62
TPW1739955,https://www.trade-point.co.uk/departments/tools-equipment/power-tools/glue-heat-guns/glue-guns/TPW1739955.cat,15,60
TPW580740,https://www.trade-point.co.uk/departments/hardware/ropes-bungees-straps-chains/bungee-cords/TPW580740.cat,15,62
TPW580759,https://www.trade-point.co.uk/departments/hardware/door-furniture/door-viewers/TPW580759.cat,64,15
TPW636328,https://www.trade-point.co.uk/departments/tools-equipment/hand-tools/vices-clamps/vices/TPW636328.cat,16,67
TPW637272,https://www.trade-point.co.uk/departments/tools-equipment/site-equipment/cement-mixers-accessories/cement-mixing-trays/TPW637272.cat,16,67
TPW585861,https://www.trade-point.co.uk/departments/outdoor-garden/greenhouses-growhouses/greenhouse-accessories/frame-glazing-clips/TPW585861.cat,9,39
TPW1141419,https://www.trade-point.co.uk/departments/tools-equipment/power-tools/workshop-machinery/bench-drills/TPW1141419.cat,16,67
TPW765635,https://www.trade-point.co.uk/departments/hardware/builder-s-metalwork/straps-ties/truss-clips/TPW765635.cat,15,78
TPW580739,https://www.trade-point.co.uk/departments/hardware/ropes-bungees-straps-chains/rope/TPW580739.cat,15,62
TPW765627,https://www.trade-point.co.uk/departments/hardware/builder-s-metalwork/straps-ties/framing-anchors/TPW765627.cat,15,78
TPW780460,https://www.trade-point.co.uk/departments/outdoor-garden/garden-hand-tools-equipment/digging-planting-soil-care/dibbers-widgers/TPW780460.cat,16,61
TPW1497091,https://www.trade-point.co.uk/departments/hardware/bolts-nuts-washers/bolts/TPW1497091.cat,15,62
TPW1739956,https://www.trade-point.co.uk/departments/tools-equipment/power-tools/glue-heat-guns/heat-guns/TPW1739956.cat,15,60
TPW580755,https://www.trade-point.co.uk/departments/hardware/door-furniture/door-knockers/TPW580755.cat,15,64
TPW780455,https://www.trade-point.co.uk/departments/outdoor-garden/garden-hand-tools-equipment/digging-planting-soil-care/soil-sieves/TPW780455.cat,16,62
TPW796654,https://www.trade-point.co.uk/departments/hardware/ropes-bungees-straps-chains/chains/TPW796654.cat,15,62
TPW822141,https://www.trade-point.co.uk/departments/bathroom/wet-rooms/installation-kits-components/wet-room-wastes-drains/TPW822141.cat,5,20
TPW822140,https://www.trade-point.co.uk/departments/bathroom/wet-rooms/installation-kits-components/wet-room-tape-pipe-collars/TPW822140.cat,5,20
TPW585867,https://www.trade-point.co.uk/departments/outdoor-garden/greenhouses-growhouses/greenhouse-accessories/staging-shelving/TPW585867.cat,9,39
TPW765626S,,15,64
TPW0002700,,15,64
TPW0002699,,15,64
TPW0002698,,15,64
TPW0002697,,15,64
TPW0002696,,15,64
TPW0002695,,15,70
TPW0002694,,15,70
TPW0002693,,15,70
TPW0002692,,15,70
TPW0002691,,15,70
TPW0002690,,15,70
TPW0002689,,15,70
TPW0002688,,15,70
TPW0002687,,15,70
TPW0002686,,15,70
TPW0002685,,15,70
TPW0002684,,15,70
TPW0002683,,15,70
TPW0002682,,15,70
TPW0002681,,15,70
TPW0002680,,15,70
TPW0002679,,15,70
TPW0002678,,15,70
TPW0002677,,15,70
TPW0002621,,15,70
TPW0002032,,15,71
TPW0002276,,15,70
TPW566708,,15,70
TPW566707,,15,70
TPW566706,,15,70
TPW566704,,15,70
